{
  "special_hot": 1.3016015558797838,
  "special_gap": 0.05792836301613069,
  "special_zodiac": 3.620291061659211,
  "special_color_weight": 1.7274489276551845,
  "special_tail_weight": 4.612596698061614,
  "special_cold_protect": 0.755548361168088,
  "special_lookback": 35.258418542156605
}