{
  "special_hot": 0.6364535632749786,
  "special_gap": 2.188057936985474,
  "special_zodiac": 3.52591167800907,
  "special_color_weight": 2.088003151188173,
  "special_tail_weight": 2.7933574039906945,
  "special_cold_protect": 3.802622424542945,
  "special_lookback": 24.442093930735275
}