{
  "trend_lookback": 21.86325097631261,
  "hot_score": 0.7557374844258946,
  "cold_score": 0.4777436557004251,
  "category_trend": 2.9503365630794285,
  "combo_2_diversity": 1.4315955035642354,
  "combo_3_color_diversity": 1.3499622044103867,
  "combo_3_element_diversity": 1.0082683516764828,
  "co_occurrence_weight": 4.184439587249051,
  "triplet_weight": 0.06275780806604381
}