{
  "trend_lookback": 20.199669278034342,
  "hot_score": 1.8298833758026858,
  "cold_score": 1.1392736973691284,
  "category_trend": 1.7287866653865875,
  "combo_2_diversity": 1.0164139012935614,
  "combo_3_color_diversity": 1.3570088494738095,
  "combo_3_element_diversity": 1.3832869783790713,
  "co_occurrence_weight": 1.4192993568026269
}