{
  "special_hot": 0.7157470018527384,
  "special_gap": 2.605010601085498,
  "special_zodiac": 0.2975996121319435,
  "special_color_weight": 2.0659794677690315,
  "special_tail_weight": 2.632342402510565,
  "special_cold_protect": 2.5333116257572987,
  "special_lookback": 28.582299741617057,
  "special_resonance": 2.3975877843430764,
  "special_cycle_weight": 0.4946095031068731,
  "special_element_weight": 0.1354337933882671,
  "special_balance_weight": 3.7476448194677374,
  "special_diversity_bonus": 2.3803330813037227
}