{
  "special_hot": 3.342426113557878,
  "special_gap": 3.941399138284829,
  "special_zodiac": 2.881944611177926,
  "special_color_weight": 0.48167361115597773,
  "special_tail_weight": 2.9836279787516586,
  "special_cold_protect": 1.3409484715510744,
  "special_lookback": 39.61282084910736,
  "special_resonance": 2.7728530497531367,
  "special_tail_continuity": 0.04196840310280692
}