{
  "special_hot": 0.056964485555147104,
  "special_gap": 1.5982644366433618,
  "special_zodiac": 7.688951080388263,
  "special_color_weight": 2.885382288847175,
  "special_tail_weight": 4.067440789400827,
  "special_cold_protect": 3.1646410091546775,
  "special_lookback": 61.18133481197022,
  "special_resonance": 1.0320230702997883,
  "special_cycle_weight": 2.3772611421029803,
  "special_element_weight": 4.8589551165720035,
  "special_balance_weight": 3.7011701215025594,
  "special_diversity_bonus": 2.566170969926326
}