{
  "top_zodiacs": [
    [
      "猪",
      8.46592902620331
    ],
    [
      "狗",
      5.369460394065307
    ],
    [
      "蛇",
      5.028398066602577
    ]
  ],
  "predicted_color": 1,
  "predicted_tail": 1,
  "recommended_numbers": [
    31,
    19,
    43,
    7,
    1
  ]
}