{
  "top_zodiacs": [
    [
      "虎",
      4.495002969874953
    ],
    [
      "牛",
      4.30471292772199
    ],
    [
      "蛇",
      4.30471292772199
    ]
  ],
  "predicted_color": "蓝波",
  "predicted_tail": 4,
  "recommended_numbers": [
    4,
    41,
    37,
    25,
    16
  ]
}