{
  "top_zodiacs": [
    [
      "鼠",
      8.13712875827793
    ],
    [
      "牛",
      7.982270757906688
    ],
    [
      "蛇",
      7.982270757906688
    ]
  ],
  "predicted_color": "蓝波",
  "predicted_tail": 5,
  "recommended_numbers": [
    25,
    42,
    41,
    37,
    5
  ]
}