{
  "top_zodiacs": [
    [
      "牛",
      3.9908873074126685
    ],
    [
      "兔",
      3.9908873074126685
    ],
    [
      "狗",
      3.9908873074126685
    ]
  ],
  "predicted_color": 1,
  "predicted_tail": 3,
  "recommended_numbers": [
    3,
    17,
    5,
    29,
    41
  ]
}