{
  "top_zodiacs": [
    [
      "龙",
      3.3649938741606222
    ],
    [
      "虎",
      3.2445119765092207
    ],
    [
      "蛇",
      2.678347157598032
    ]
  ],
  "predicted_color": "红波",
  "predicted_tail": 9,
  "recommended_numbers": [
    2,
    40,
    49,
    1,
    13
  ]
}